[
    {
        "id": 1,
        "name": "Navcho",
        "imageUrl": "https://ichef.bbci.co.uk/news/976/cpsprodpb/12A9B/production/_111434467_gettyimages-1143489763.jpg",
        "breed": "Bombay Cat",
        "description": "Dominant and aggressive to other cats. Will probably eat you in your sleep. Very cute tho."
    },
    {
        "id": 2,
        "name": "Tsutsulan",
        "imageUrl": "https://cdn.pixabay.com/photo/2015/06/19/14/20/cat-814952_1280.jpg",
        "breed": "Bombay Cat",
        "description": "Dominant and aggressive to other cats. Will probably eat you in your sleep. Very cute tho."
    },
    {
        "id": 3,
        "name": "Garry",
        "imageUrl": "https://cdn.pixabay.com/photo/2018/08/08/05/12/cat-3591348_1280.jpg",
        "breed": "Bombay Cat",
        "description": "Dominant and aggressive to other cats. Will probably eat you in your sleep. Very cute tho."
    },
    {
        "id": 4,
        "name": "Sisa",
        "imageUrl": "https://cdn.pixabay.com/photo/2017/02/20/18/03/cat-2083492_1280.jpg",
        "breed": "Bombay Cat",
        "description": "Dominant and aggressive to other cats. Will probably eat you in your sleep. Very cute tho."
    },
    {
        "id": 5,
        "name": "Zuza",
        "imageUrl": "https://cdn.pixabay.com/photo/2014/04/13/20/49/cat-323262_1280.jpg",
        "breed": "Bombay Cat",
        "description": "Dominant and aggressive to other cats. Will probably eat you in your sleep. Very cute tho."
    }
]